﻿<?xml version="1.0" encoding="utf-8"?>
<forms xmlns:xsi="http://www.w3.org/2001/XMLSchema-instance">
  <systemform>
    <formid>{0d7e7bdf-e73c-4711-8e36-c168973e3e3b}</formid>
    <IntroducedVersion>1.0.0.1</IntroducedVersion>
    <FormPresentation>1</FormPresentation>
    <FormActivationState>1</FormActivationState>
    <form>
      <tabs>
        <tab name="Main" id="{59ed5a30-3348-925b-0a76-6e9b6d401dad}" IsUserDefined="0" locklevel="0" showlabel="true" expanded="true">
          <labels>
            <label description="Main" languagecode="1033" />
          </labels>
          <columns>
            <column width="34%">
              <sections>
                <section name="tab_2_section_1" showlabel="false" showbar="false" locklevel="0" id="{359614d9-26b4-c6ae-2514-5e1950135622}" IsUserDefined="0" layout="varwidth" columns="1" labelwidth="115">
                  <labels>
                    <label description="Section" languagecode="1033" />
                  </labels>
                  <rows>
                    <row>
                      <cell id="{f95e09f5-3f54-4f1a-86a8-1e56c6b46dc3}">
                        <labels>
                          <label description="Name" languagecode="1033" />
                        </labels>
                        <control id="sol_name" classid="{4273EDBD-AC1D-40d3-9FB2-095C621B552D}" datafieldname="sol_name" uniqueid="{b48bcadb-c60e-1213-752c-64ea6bb34359}" />
                      </cell>
                    </row>
                    <row>
                      <cell id="{67032b2f-487b-4342-9d74-276a45b281ba}">
                        <labels>
                          <label description="Owner" languagecode="1033" />
                        </labels>
                        <control id="ownerid" classid="{270BD3DB-D9AF-4782-9025-509E298DEC0A}" datafieldname="ownerid" />
                      </cell>
                    </row>
                    <row>
                      <cell id="{c806546b-b9e6-96ab-eb79-933882433787}" showlabel="true" locklevel="0">
                        <labels>
                          <label description="Created By" languagecode="1033" />
                        </labels>
                        <control id="createdby" classid="{270BD3DB-D9AF-4782-9025-509E298DEC0A}" datafieldname="createdby" disabled="false" />
                      </cell>
                    </row>
                    <row>
                      <cell id="{e7c0a997-b12e-2433-8cc7-bb7248152d68}" showlabel="true" locklevel="0">
                        <labels>
                          <label description="Created On" languagecode="1033" />
                        </labels>
                        <control id="createdon" classid="{5B773807-9FB2-42db-97C3-7A91EFF8ADFF}" datafieldname="createdon" disabled="false" />
                      </cell>
                    </row>
                    <row>
                      <cell id="{b27d47d1-d55c-8e17-9c23-9088ae381424}" showlabel="true" locklevel="0">
                        <labels>
                          <label description="Created By (Delegate)" languagecode="1033" />
                        </labels>
                        <control id="createdonbehalfby" classid="{270BD3DB-D9AF-4782-9025-509E298DEC0A}" datafieldname="createdonbehalfby" disabled="false" />
                      </cell>
                    </row>
                    <row>
                      <cell id="{0229109c-5780-2bed-73a0-8a5c3a02a9aa}" showlabel="true" locklevel="0">
                        <labels>
                          <label description="Currency" languagecode="1033" />
                        </labels>
                        <control id="transactioncurrencyid" classid="{270BD3DB-D9AF-4782-9025-509E298DEC0A}" datafieldname="transactioncurrencyid" disabled="false" />
                      </cell>
                    </row>
                    <row>
                      <cell id="{6e2714da-5635-39ac-0b01-9c71abcce037}" showlabel="true" locklevel="0">
                        <labels>
                          <label description="Exchange Rate" languagecode="1033" />
                        </labels>
                        <control id="exchangerate" classid="{C3EFE0C3-0EC6-42be-8349-CBD9079DFD8E}" datafieldname="exchangerate" disabled="false" />
                      </cell>
                    </row>
                    <row>
                      <cell id="{53ba6d58-19ad-c4b4-28c1-b463a17ce8e8}" showlabel="true" locklevel="0">
                        <labels>
                          <label description="Modified By" languagecode="1033" />
                        </labels>
                        <control id="modifiedby" classid="{270BD3DB-D9AF-4782-9025-509E298DEC0A}" datafieldname="modifiedby" disabled="false" />
                      </cell>
                    </row>
                    <row>
                      <cell id="{7eda17dc-34b8-00de-7406-938c9711764b}" showlabel="true" locklevel="0">
                        <labels>
                          <label description="Modified By (Delegate)" languagecode="1033" />
                        </labels>
                        <control id="modifiedonbehalfby" classid="{270BD3DB-D9AF-4782-9025-509E298DEC0A}" datafieldname="modifiedonbehalfby" disabled="false" />
                      </cell>
                    </row>
                    <row>
                      <cell id="{3a9e99ca-c34b-7ed1-2018-5aa10dd62ee5}" showlabel="true" locklevel="0">
                        <labels>
                          <label description="Modified On" languagecode="1033" />
                        </labels>
                        <control id="modifiedon" classid="{5B773807-9FB2-42db-97C3-7A91EFF8ADFF}" datafieldname="modifiedon" disabled="false" />
                      </cell>
                    </row>
                    <row>
                      <cell id="{69ad3a14-e2c6-1ca0-03a7-6ad466ae87e8}" showlabel="true" locklevel="0">
                        <labels>
                          <label description="Status" languagecode="1033" />
                        </labels>
                        <control id="statecode" classid="{3EF39988-22BB-4f0b-BBBE-64B5A3748AEE}" datafieldname="statecode" disabled="false" />
                      </cell>
                    </row>
                    <row>
                      <cell id="{4340a137-7174-a816-2877-d7d9cb99e9d5}" showlabel="true" locklevel="0">
                        <labels>
                          <label description="Status Reason" languagecode="1033" />
                        </labels>
                        <control id="statuscode" classid="{5D68B988-0661-4db2-BC3E-17598AD3BE6C}" datafieldname="statuscode" disabled="false" />
                      </cell>
                    </row>
                  </rows>
                </section>
              </sections>
            </column>
            <column width="66%">
              <sections>
                <section name="tab_2_section_2" showlabel="false" showbar="false" locklevel="0" id="{16a97660-0144-76ab-020d-830cec59659e}" IsUserDefined="0" layout="varwidth" columns="1" labelwidth="115">
                  <labels>
                    <label description="Section" languagecode="1033" />
                  </labels>
                  <rows>
                    <row>
                      <cell id="{9cd3ad4e-d84b-cae3-2d77-134238391451}" showlabel="true" locklevel="0">
                        <labels>
                          <label description="P_Single_Line_Text" languagecode="1033" />
                        </labels>
                        <control id="sol_p_single_line_text" classid="{4273EDBD-AC1D-40d3-9FB2-095C621B552D}" datafieldname="sol_p_single_line_text" disabled="false" />
                      </cell>
                    </row>
                    <row>
                      <cell id="{9008a964-81e6-7d73-b971-4d7608047336}" showlabel="true" locklevel="0">
                        <labels>
                          <label description="P_Text_Area" languagecode="1033" />
                        </labels>
                        <control id="sol_p_text_area" classid="{E0DECE4B-6FC8-4a8f-A065-082708572369}" datafieldname="sol_p_text_area" disabled="false" />
                      </cell>
                    </row>
                    <row>
                      <cell id="{34cd2a31-ae03-6207-23c8-c4b9a9dc2169}" showlabel="true" locklevel="0">
                        <labels>
                          <label description="P_WholeNumber" languagecode="1033" />
                        </labels>
                        <control id="sol_p_wholenumber" classid="{C6D124CA-7EDA-4a60-AEA9-7FB8D318B68F}" datafieldname="sol_p_wholenumber" disabled="false" />
                      </cell>
                    </row>
                    <row>
                      <cell id="{24003a0c-cb0c-0ad9-a692-7e8e45c615ab}" showlabel="true" locklevel="0">
                        <labels>
                          <label description="P_Decimal" languagecode="1033" />
                        </labels>
                        <control id="sol_p_decimal" classid="{C3EFE0C3-0EC6-42be-8349-CBD9079DFD8E}" datafieldname="sol_p_decimal" disabled="false" />
                      </cell>
                    </row>
                    <row>
                      <cell id="{4c0023ca-8e34-b217-c04a-60513597cb53}" showlabel="true" locklevel="0">
                        <labels>
                          <label description="P_Float" languagecode="1033" />
                        </labels>
                        <control id="sol_p_float" classid="{0D2C745A-E5A8-4c8f-BA63-C6D3BB604660}" datafieldname="sol_p_float" disabled="false" />
                      </cell>
                    </row>
                    <row>
                      <cell id="{746bc825-68e3-216b-eb28-40d87b9e5768}" showlabel="true" locklevel="0">
                        <labels>
                          <label description="P_Curency" languagecode="1033" />
                        </labels>
                        <control id="sol_p_curency" classid="{533B9E00-756B-4312-95A0-DC888637AC78}" datafieldname="sol_p_curency" disabled="false" />
                      </cell>
                    </row>
                    <row>
                      <cell id="{c5622b2e-b14a-3657-a7db-941c9e00bdcb}" showlabel="true" locklevel="0">
                        <labels>
                          <label description="P_Date" languagecode="1033" />
                        </labels>
                        <control id="sol_p_date" classid="{5B773807-9FB2-42db-97C3-7A91EFF8ADFF}" datafieldname="sol_p_date" disabled="false" />
                      </cell>
                    </row>
                    <row>
                      <cell id="{7beeca66-7597-8965-1e46-78803b97324d}" showlabel="true" locklevel="0">
                        <labels>
                          <label description="P_YN" languagecode="1033" />
                        </labels>
                        <control id="sol_p_yn" classid="{67FAC785-CD58-4f9f-ABB3-4B7DDC6ED5ED}" datafieldname="sol_p_yn" disabled="false" />
                      </cell>
                    </row>
                    <row>
                      <cell id="{70ad0d80-3a48-2c2a-65b6-05b214934023}" showlabel="true" locklevel="0">
                        <labels>
                          <label description="P_Multi_Select" languagecode="1033" />
                        </labels>
                        <control id="sol_p_multi_select" classid="{4AA28AB7-9C13-4F57-A73D-AD894D048B5F}" datafieldname="sol_p_multi_select" disabled="false" />
                      </cell>
                    </row>
                    <row>
                      <cell id="{9c91a1a4-2278-b95c-9481-46b49a0a03e7}" showlabel="true" locklevel="0">
                        <labels>
                          <label description="P_City" languagecode="1033" />
                        </labels>
                        <control id="sol_p_option_set" classid="{3EF39988-22BB-4f0b-BBBE-64B5A3748AEE}" datafieldname="sol_p_option_set" disabled="false" />
                      </cell>
                    </row>
                    <row>
                      <cell id="{274d8ce8-d9e0-c08c-d2c0-c69121bbe1b2}" showlabel="false" colspan="1" auto="false" rowspan="6">
                        <labels>
                          <label description="Child (C_Lookup)" languagecode="1033" />
                        </labels>
                        <control id="Childs_of_Parent2" classid="{E7A81278-8635-4d9e-8D4D-59480B391C5B}" indicationOfSubgrid="true">
                          <parameters>
                            <ViewId>{74D74FE2-3041-4D2E-839E-0933A960CAFC}</ViewId>
                            <IsUserView>false</IsUserView>
                            <RelationshipName>sol_sol_parent_sol_child_C_</RelationshipName>
                            <TargetEntityType>sol_child</TargetEntityType>
                            <AutoExpand>Fixed</AutoExpand>
                            <EnableQuickFind>false</EnableQuickFind>
                            <EnableViewPicker>false</EnableViewPicker>
                            <ViewIds>{74D74FE2-3041-4D2E-839E-0933A960CAFC}</ViewIds>
                            <EnableJumpBar>false</EnableJumpBar>
                            <ChartGridMode>All</ChartGridMode>
                            <VisualizationId />
                            <IsUserChart>false</IsUserChart>
                            <EnableChartPicker>true</EnableChartPicker>
                            <RecordsPerPage>4</RecordsPerPage>
                            <HeaderColorCode>#F2b2a2</HeaderColorCode>
                          </parameters>
                        </control>
                      </cell>
                    </row>
                    <row />
                    <row />
                    <row />
                    <row />
                    <row />
                    <row>
                      <cell id="{ed5c69b1-d0e7-6794-3cbe-b55bce3969dc}" showlabel="true" rowspan="15" auto="false" colspan="1">
                        <labels>
                          <label description="Note Text" languagecode="1033" />
                        </labels>
                        <control id="notescontrol" classid="{06375649-c143-495e-a496-c962e5b4488e}" />
                      </cell>
                    </row>
                    <row />
                    <row />
                    <row />
                    <row />
                    <row />
                    <row />
                    <row />
                    <row />
                    <row />
                    <row />
                    <row />
                    <row />
                    <row />
                    <row />
                  </rows>
                </section>
              </sections>
            </column>
          </columns>
        </tab>
      </tabs>
      <header id="{2dffde75-24b9-42bc-a51b-c804240174a5}" columns="111">
        <rows>
          <row>
            <cell id="{b97e6282-5db3-b3cc-95e8-95a99c88d880}" showlabel="false">
              <labels>
                <label description="" languagecode="1033" />
              </labels>
            </cell>
            <cell id="{dc5be7da-e60a-4e98-e9b5-b82b305bb039}" showlabel="false">
              <labels>
                <label description="" languagecode="1033" />
              </labels>
            </cell>
            <cell id="{0bdd2697-213d-8e75-d8b4-50ac723bb741}" showlabel="false">
              <labels>
                <label description="" languagecode="1033" />
              </labels>
            </cell>
          </row>
        </rows>
      </header>
      <footer id="{525f3fae-e5db-4173-848d-05839f6d43c1}" columns="111">
        <rows>
          <row>
            <cell id="{56a67429-aea5-86a1-142b-587e381a66ba}" showlabel="false">
              <labels>
                <label description="" languagecode="1033" />
              </labels>
            </cell>
            <cell id="{49e80e09-61ce-1860-1992-9dcae525ab94}" showlabel="false">
              <labels>
                <label description="" languagecode="1033" />
              </labels>
            </cell>
            <cell id="{32a42997-8e4a-4b8c-c5ac-09e489e06008}" showlabel="false">
              <labels>
                <label description="" languagecode="1033" />
              </labels>
            </cell>
          </row>
        </rows>
      </footer>
      <Navigation>
        <NavBar></NavBar>
        <NavBarAreas>
          <NavBarArea Id="Info">
            <Titles>
              <Title LCID="1033" Text="Common" />
            </Titles>
          </NavBarArea>
          <NavBarArea Id="Sales">
            <Titles>
              <Title LCID="1033" Text="Sales" />
            </Titles>
          </NavBarArea>
          <NavBarArea Id="Service">
            <Titles>
              <Title LCID="1033" Text="Service" />
            </Titles>
          </NavBarArea>
          <NavBarArea Id="Marketing">
            <Titles>
              <Title LCID="1033" Text="Marketing" />
            </Titles>
          </NavBarArea>
          <NavBarArea Id="ProcessCenter">
            <Titles>
              <Title LCID="1033" Text="Process Sessions" />
            </Titles>
          </NavBarArea>
        </NavBarAreas>
      </Navigation>
      <controlDescriptions />
    </form>
    <IsCustomizable>1</IsCustomizable>
    <CanBeDeleted>1</CanBeDeleted>
    <LocalizedNames>
      <LocalizedName description="Information" languagecode="1033" />
    </LocalizedNames>
    <Descriptions>
      <Description description="A form for this entity." languagecode="1033" />
    </Descriptions>
  </systemform>
</forms>