﻿<?xml version="1.0" encoding="utf-8"?>
<forms xmlns:xsi="http://www.w3.org/2001/XMLSchema-instance">
  <systemform>
    <formid>{3a5f4d98-d202-4bc8-8892-c91040e2b50a}</formid>
    <IntroducedVersion>1.0.0.1</IntroducedVersion>
    <FormPresentation>1</FormPresentation>
    <FormActivationState>1</FormActivationState>
    <form>
      <tabs>
        <tab verticallayout="true" id="{d64fcfd7-2b1b-4442-881e-a09b773a0f8b}" IsUserDefined="1">
          <labels>
            <label description="" languagecode="1033" />
          </labels>
          <columns>
            <column width="100%">
              <sections>
                <section showlabel="false" showbar="false" IsUserDefined="0" id="{0f7cee30-4fe4-4a7d-8f73-9fb2f2c7d4e3}">
                  <labels>
                    <label description="GENERAL" languagecode="1033" />
                  </labels>
                  <rows>
                    <row>
                      <cell id="{9f5dbe9c-54d4-4edb-b03e-5079d2f2ade3}">
                        <labels>
                          <label description="Name" languagecode="1033" />
                        </labels>
                        <control id="sol_name" classid="{4273EDBD-AC1D-40d3-9FB2-095C621B552D}" datafieldname="sol_name" />
                      </cell>
                    </row>
                    <row>
                      <cell id="{371dc4ed-dd1b-4019-9352-3d97129dc109}">
                        <labels>
                          <label description="Owner" languagecode="1033" />
                        </labels>
                        <control id="ownerid" classid="{270BD3DB-D9AF-4782-9025-509E298DEC0A}" datafieldname="ownerid" />
                      </cell>
                    </row>
                  </rows>
                </section>
              </sections>
            </column>
          </columns>
        </tab>
      </tabs>
    </form>
    <IsCustomizable>1</IsCustomizable>
    <CanBeDeleted>1</CanBeDeleted>
    <LocalizedNames>
      <LocalizedName description="Information" languagecode="1033" />
    </LocalizedNames>
  </systemform>
</forms>