﻿<?xml version="1.0" encoding="utf-8"?>
<Entity xmlns:xsi="http://www.w3.org/2001/XMLSchema-instance">
  <Name LocalizedName="Parent" OriginalName="Parent">sol_parent</Name>
  <EntityInfo>
    <entity Name="sol_parent">
      <LocalizedNames>
        <LocalizedName description="Parent" languagecode="1033" />
      </LocalizedNames>
      <LocalizedCollectionNames>
        <LocalizedCollectionName description="Parent" languagecode="1033" />
      </LocalizedCollectionNames>
      <Descriptions>
        <Description description="" languagecode="1033" />
      </Descriptions>
      <attributes>
        <attribute PhysicalName="CreatedBy">
          <Type>lookup</Type>
          <Name>createdby</Name>
          <LogicalName>createdby</LogicalName>
          <RequiredLevel>none</RequiredLevel>
          <DisplayMask>ValidForAdvancedFind|ValidForForm|ValidForGrid</DisplayMask>
          <ImeMode>auto</ImeMode>
          <ValidForReadApi>1</ValidForReadApi>
          <IsCustomField>0</IsCustomField>
          <IsAuditEnabled>0</IsAuditEnabled>
          <IsSecured>0</IsSecured>
          <IntroducedVersion>1.0.0.1</IntroducedVersion>
          <IsCustomizable>1</IsCustomizable>
          <IsRenameable>1</IsRenameable>
          <CanModifySearchSettings>1</CanModifySearchSettings>
          <CanModifyRequirementLevelSettings>1</CanModifyRequirementLevelSettings>
          <CanModifyAdditionalSettings>1</CanModifyAdditionalSettings>
          <SourceType>0</SourceType>
          <IsGlobalFilterEnabled>0</IsGlobalFilterEnabled>
          <IsSortableEnabled>0</IsSortableEnabled>
          <CanModifyGlobalFilterSettings>1</CanModifyGlobalFilterSettings>
          <CanModifyIsSortableSettings>1</CanModifyIsSortableSettings>
          <IsDataSourceSecret>0</IsDataSourceSecret>
          <AutoNumberFormat></AutoNumberFormat>
          <LookupStyle>single</LookupStyle>
          <LookupTypes />
          <displaynames>
            <displayname description="Created By" languagecode="1033" />
          </displaynames>
          <Descriptions>
            <Description description="Unique identifier of the user who created the record." languagecode="1033" />
          </Descriptions>
        </attribute>
        <attribute PhysicalName="CreatedOn">
          <Type>datetime</Type>
          <Name>createdon</Name>
          <LogicalName>createdon</LogicalName>
          <RequiredLevel>none</RequiredLevel>
          <DisplayMask>ValidForAdvancedFind|ValidForForm|ValidForGrid</DisplayMask>
          <ImeMode>inactive</ImeMode>
          <ValidForReadApi>1</ValidForReadApi>
          <IsCustomField>0</IsCustomField>
          <IsAuditEnabled>0</IsAuditEnabled>
          <IsSecured>0</IsSecured>
          <IntroducedVersion>1.0.0.1</IntroducedVersion>
          <IsCustomizable>1</IsCustomizable>
          <IsRenameable>1</IsRenameable>
          <CanModifySearchSettings>1</CanModifySearchSettings>
          <CanModifyRequirementLevelSettings>1</CanModifyRequirementLevelSettings>
          <CanModifyAdditionalSettings>1</CanModifyAdditionalSettings>
          <SourceType>0</SourceType>
          <IsGlobalFilterEnabled>0</IsGlobalFilterEnabled>
          <IsSortableEnabled>0</IsSortableEnabled>
          <CanModifyGlobalFilterSettings>1</CanModifyGlobalFilterSettings>
          <CanModifyIsSortableSettings>1</CanModifyIsSortableSettings>
          <IsDataSourceSecret>0</IsDataSourceSecret>
          <AutoNumberFormat></AutoNumberFormat>
          <Format>datetime</Format>
          <CanChangeDateTimeBehavior>0</CanChangeDateTimeBehavior>
          <Behavior>1</Behavior>
          <displaynames>
            <displayname description="Created On" languagecode="1033" />
          </displaynames>
          <Descriptions>
            <Description description="Date and time when the record was created." languagecode="1033" />
          </Descriptions>
        </attribute>
        <attribute PhysicalName="CreatedOnBehalfBy">
          <Type>lookup</Type>
          <Name>createdonbehalfby</Name>
          <LogicalName>createdonbehalfby</LogicalName>
          <RequiredLevel>none</RequiredLevel>
          <DisplayMask>ValidForAdvancedFind|ValidForForm|ValidForGrid</DisplayMask>
          <ImeMode>auto</ImeMode>
          <ValidForReadApi>1</ValidForReadApi>
          <IsCustomField>0</IsCustomField>
          <IsAuditEnabled>0</IsAuditEnabled>
          <IsSecured>0</IsSecured>
          <IntroducedVersion>1.0.0.1</IntroducedVersion>
          <IsCustomizable>1</IsCustomizable>
          <IsRenameable>1</IsRenameable>
          <CanModifySearchSettings>1</CanModifySearchSettings>
          <CanModifyRequirementLevelSettings>1</CanModifyRequirementLevelSettings>
          <CanModifyAdditionalSettings>1</CanModifyAdditionalSettings>
          <SourceType>0</SourceType>
          <IsGlobalFilterEnabled>0</IsGlobalFilterEnabled>
          <IsSortableEnabled>0</IsSortableEnabled>
          <CanModifyGlobalFilterSettings>1</CanModifyGlobalFilterSettings>
          <CanModifyIsSortableSettings>1</CanModifyIsSortableSettings>
          <IsDataSourceSecret>0</IsDataSourceSecret>
          <AutoNumberFormat></AutoNumberFormat>
          <LookupStyle>single</LookupStyle>
          <LookupTypes />
          <displaynames>
            <displayname description="Created By (Delegate)" languagecode="1033" />
          </displaynames>
          <Descriptions>
            <Description description="Unique identifier of the delegate user who created the record." languagecode="1033" />
          </Descriptions>
        </attribute>
        <attribute PhysicalName="ExchangeRate">
          <Type>decimal</Type>
          <Name>exchangerate</Name>
          <LogicalName>exchangerate</LogicalName>
          <RequiredLevel>none</RequiredLevel>
          <DisplayMask>ValidForAdvancedFind|ValidForForm|ValidForGrid</DisplayMask>
          <ImeMode>disabled</ImeMode>
          <ValidForReadApi>1</ValidForReadApi>
          <IsCustomField>0</IsCustomField>
          <IsAuditEnabled>1</IsAuditEnabled>
          <IsSecured>0</IsSecured>
          <IntroducedVersion>1.0.0.1</IntroducedVersion>
          <IsCustomizable>1</IsCustomizable>
          <IsRenameable>1</IsRenameable>
          <CanModifySearchSettings>1</CanModifySearchSettings>
          <CanModifyRequirementLevelSettings>1</CanModifyRequirementLevelSettings>
          <CanModifyAdditionalSettings>1</CanModifyAdditionalSettings>
          <SourceType>0</SourceType>
          <IsGlobalFilterEnabled>0</IsGlobalFilterEnabled>
          <IsSortableEnabled>0</IsSortableEnabled>
          <CanModifyGlobalFilterSettings>1</CanModifyGlobalFilterSettings>
          <CanModifyIsSortableSettings>1</CanModifyIsSortableSettings>
          <IsDataSourceSecret>0</IsDataSourceSecret>
          <AutoNumberFormat></AutoNumberFormat>
          <MinValue>1E-10</MinValue>
          <MaxValue>100000000000</MaxValue>
          <Accuracy>10</Accuracy>
          <displaynames>
            <displayname description="Exchange Rate" languagecode="1033" />
          </displaynames>
          <Descriptions>
            <Description description="Exchange rate for the currency associated with the entity with respect to the base currency." languagecode="1033" />
          </Descriptions>
        </attribute>
        <attribute PhysicalName="ImportSequenceNumber">
          <Type>int</Type>
          <Name>importsequencenumber</Name>
          <LogicalName>importsequencenumber</LogicalName>
          <RequiredLevel>none</RequiredLevel>
          <DisplayMask>ValidForAdvancedFind</DisplayMask>
          <ImeMode>disabled</ImeMode>
          <ValidForReadApi>1</ValidForReadApi>
          <ValidForCreateApi>1</ValidForCreateApi>
          <IsCustomField>0</IsCustomField>
          <IsAuditEnabled>1</IsAuditEnabled>
          <IsSecured>0</IsSecured>
          <IntroducedVersion>1.0.0.1</IntroducedVersion>
          <IsCustomizable>1</IsCustomizable>
          <IsRenameable>1</IsRenameable>
          <CanModifySearchSettings>1</CanModifySearchSettings>
          <CanModifyRequirementLevelSettings>1</CanModifyRequirementLevelSettings>
          <CanModifyAdditionalSettings>1</CanModifyAdditionalSettings>
          <SourceType>0</SourceType>
          <IsGlobalFilterEnabled>0</IsGlobalFilterEnabled>
          <IsSortableEnabled>0</IsSortableEnabled>
          <CanModifyGlobalFilterSettings>1</CanModifyGlobalFilterSettings>
          <CanModifyIsSortableSettings>1</CanModifyIsSortableSettings>
          <IsDataSourceSecret>0</IsDataSourceSecret>
          <AutoNumberFormat></AutoNumberFormat>
          <Format></Format>
          <MinValue>-2147483648</MinValue>
          <MaxValue>2147483647</MaxValue>
          <displaynames>
            <displayname description="Import Sequence Number" languagecode="1033" />
          </displaynames>
          <Descriptions>
            <Description description="Sequence number of the import that created this record." languagecode="1033" />
          </Descriptions>
        </attribute>
        <attribute PhysicalName="ModifiedBy">
          <Type>lookup</Type>
          <Name>modifiedby</Name>
          <LogicalName>modifiedby</LogicalName>
          <RequiredLevel>none</RequiredLevel>
          <DisplayMask>ValidForAdvancedFind|ValidForForm|ValidForGrid</DisplayMask>
          <ImeMode>auto</ImeMode>
          <ValidForReadApi>1</ValidForReadApi>
          <IsCustomField>0</IsCustomField>
          <IsAuditEnabled>0</IsAuditEnabled>
          <IsSecured>0</IsSecured>
          <IntroducedVersion>1.0.0.1</IntroducedVersion>
          <IsCustomizable>1</IsCustomizable>
          <IsRenameable>1</IsRenameable>
          <CanModifySearchSettings>1</CanModifySearchSettings>
          <CanModifyRequirementLevelSettings>1</CanModifyRequirementLevelSettings>
          <CanModifyAdditionalSettings>1</CanModifyAdditionalSettings>
          <SourceType>0</SourceType>
          <IsGlobalFilterEnabled>0</IsGlobalFilterEnabled>
          <IsSortableEnabled>0</IsSortableEnabled>
          <CanModifyGlobalFilterSettings>1</CanModifyGlobalFilterSettings>
          <CanModifyIsSortableSettings>1</CanModifyIsSortableSettings>
          <IsDataSourceSecret>0</IsDataSourceSecret>
          <AutoNumberFormat></AutoNumberFormat>
          <LookupStyle>single</LookupStyle>
          <LookupTypes />
          <displaynames>
            <displayname description="Modified By" languagecode="1033" />
          </displaynames>
          <Descriptions>
            <Description description="Unique identifier of the user who modified the record." languagecode="1033" />
          </Descriptions>
        </attribute>
        <attribute PhysicalName="ModifiedOn">
          <Type>datetime</Type>
          <Name>modifiedon</Name>
          <LogicalName>modifiedon</LogicalName>
          <RequiredLevel>none</RequiredLevel>
          <DisplayMask>ValidForAdvancedFind|ValidForForm|ValidForGrid</DisplayMask>
          <ImeMode>inactive</ImeMode>
          <ValidForReadApi>1</ValidForReadApi>
          <IsCustomField>0</IsCustomField>
          <IsAuditEnabled>0</IsAuditEnabled>
          <IsSecured>0</IsSecured>
          <IntroducedVersion>1.0.0.1</IntroducedVersion>
          <IsCustomizable>1</IsCustomizable>
          <IsRenameable>1</IsRenameable>
          <CanModifySearchSettings>1</CanModifySearchSettings>
          <CanModifyRequirementLevelSettings>1</CanModifyRequirementLevelSettings>
          <CanModifyAdditionalSettings>1</CanModifyAdditionalSettings>
          <SourceType>0</SourceType>
          <IsGlobalFilterEnabled>0</IsGlobalFilterEnabled>
          <IsSortableEnabled>0</IsSortableEnabled>
          <CanModifyGlobalFilterSettings>1</CanModifyGlobalFilterSettings>
          <CanModifyIsSortableSettings>1</CanModifyIsSortableSettings>
          <IsDataSourceSecret>0</IsDataSourceSecret>
          <AutoNumberFormat></AutoNumberFormat>
          <Format>datetime</Format>
          <CanChangeDateTimeBehavior>0</CanChangeDateTimeBehavior>
          <Behavior>1</Behavior>
          <displaynames>
            <displayname description="Modified On" languagecode="1033" />
          </displaynames>
          <Descriptions>
            <Description description="Date and time when the record was modified." languagecode="1033" />
          </Descriptions>
        </attribute>
        <attribute PhysicalName="ModifiedOnBehalfBy">
          <Type>lookup</Type>
          <Name>modifiedonbehalfby</Name>
          <LogicalName>modifiedonbehalfby</LogicalName>
          <RequiredLevel>none</RequiredLevel>
          <DisplayMask>ValidForAdvancedFind|ValidForForm|ValidForGrid</DisplayMask>
          <ImeMode>auto</ImeMode>
          <ValidForReadApi>1</ValidForReadApi>
          <IsCustomField>0</IsCustomField>
          <IsAuditEnabled>0</IsAuditEnabled>
          <IsSecured>0</IsSecured>
          <IntroducedVersion>1.0.0.1</IntroducedVersion>
          <IsCustomizable>1</IsCustomizable>
          <IsRenameable>1</IsRenameable>
          <CanModifySearchSettings>1</CanModifySearchSettings>
          <CanModifyRequirementLevelSettings>1</CanModifyRequirementLevelSettings>
          <CanModifyAdditionalSettings>1</CanModifyAdditionalSettings>
          <SourceType>0</SourceType>
          <IsGlobalFilterEnabled>0</IsGlobalFilterEnabled>
          <IsSortableEnabled>0</IsSortableEnabled>
          <CanModifyGlobalFilterSettings>1</CanModifyGlobalFilterSettings>
          <CanModifyIsSortableSettings>1</CanModifyIsSortableSettings>
          <IsDataSourceSecret>0</IsDataSourceSecret>
          <AutoNumberFormat></AutoNumberFormat>
          <LookupStyle>single</LookupStyle>
          <LookupTypes />
          <displaynames>
            <displayname description="Modified By (Delegate)" languagecode="1033" />
          </displaynames>
          <Descriptions>
            <Description description="Unique identifier of the delegate user who modified the record." languagecode="1033" />
          </Descriptions>
        </attribute>
        <attribute PhysicalName="OverriddenCreatedOn">
          <Type>datetime</Type>
          <Name>overriddencreatedon</Name>
          <LogicalName>overriddencreatedon</LogicalName>
          <RequiredLevel>none</RequiredLevel>
          <DisplayMask>ValidForAdvancedFind|ValidForGrid</DisplayMask>
          <ImeMode>inactive</ImeMode>
          <ValidForReadApi>1</ValidForReadApi>
          <ValidForCreateApi>1</ValidForCreateApi>
          <IsCustomField>0</IsCustomField>
          <IsAuditEnabled>1</IsAuditEnabled>
          <IsSecured>0</IsSecured>
          <IntroducedVersion>1.0.0.1</IntroducedVersion>
          <IsCustomizable>1</IsCustomizable>
          <IsRenameable>1</IsRenameable>
          <CanModifySearchSettings>1</CanModifySearchSettings>
          <CanModifyRequirementLevelSettings>1</CanModifyRequirementLevelSettings>
          <CanModifyAdditionalSettings>1</CanModifyAdditionalSettings>
          <SourceType>0</SourceType>
          <IsGlobalFilterEnabled>0</IsGlobalFilterEnabled>
          <IsSortableEnabled>0</IsSortableEnabled>
          <CanModifyGlobalFilterSettings>1</CanModifyGlobalFilterSettings>
          <CanModifyIsSortableSettings>1</CanModifyIsSortableSettings>
          <IsDataSourceSecret>0</IsDataSourceSecret>
          <AutoNumberFormat></AutoNumberFormat>
          <Format>date</Format>
          <CanChangeDateTimeBehavior>0</CanChangeDateTimeBehavior>
          <Behavior>1</Behavior>
          <displaynames>
            <displayname description="Record Created On" languagecode="1033" />
          </displaynames>
          <Descriptions>
            <Description description="Date and time that the record was migrated." languagecode="1033" />
          </Descriptions>
        </attribute>
        <attribute PhysicalName="OwnerId">
          <Type>owner</Type>
          <Name>ownerid</Name>
          <LogicalName>ownerid</LogicalName>
          <RequiredLevel>systemrequired</RequiredLevel>
          <DisplayMask>ValidForAdvancedFind|ValidForForm|ValidForGrid|RequiredForForm</DisplayMask>
          <ImeMode>auto</ImeMode>
          <ValidForUpdateApi>1</ValidForUpdateApi>
          <ValidForReadApi>1</ValidForReadApi>
          <ValidForCreateApi>1</ValidForCreateApi>
          <IsCustomField>0</IsCustomField>
          <IsAuditEnabled>1</IsAuditEnabled>
          <IsSecured>0</IsSecured>
          <IntroducedVersion>1.0.0.1</IntroducedVersion>
          <IsCustomizable>1</IsCustomizable>
          <IsRenameable>1</IsRenameable>
          <CanModifySearchSettings>1</CanModifySearchSettings>
          <CanModifyRequirementLevelSettings>1</CanModifyRequirementLevelSettings>
          <CanModifyAdditionalSettings>1</CanModifyAdditionalSettings>
          <SourceType>0</SourceType>
          <IsGlobalFilterEnabled>0</IsGlobalFilterEnabled>
          <IsSortableEnabled>0</IsSortableEnabled>
          <CanModifyGlobalFilterSettings>1</CanModifyGlobalFilterSettings>
          <CanModifyIsSortableSettings>1</CanModifyIsSortableSettings>
          <IsDataSourceSecret>0</IsDataSourceSecret>
          <AutoNumberFormat></AutoNumberFormat>
          <LookupStyle>single</LookupStyle>
          <LookupTypes>
            <LookupType id="00000000-0000-0000-0000-000000000000">8</LookupType>
            <LookupType id="00000000-0000-0000-0000-000000000000">9</LookupType>
          </LookupTypes>
          <displaynames>
            <displayname description="Owner" languagecode="1033" />
          </displaynames>
          <Descriptions>
            <Description description="Owner Id" languagecode="1033" />
          </Descriptions>
        </attribute>
        <attribute PhysicalName="OwningBusinessUnit">
          <Type>lookup</Type>
          <Name>owningbusinessunit</Name>
          <LogicalName>owningbusinessunit</LogicalName>
          <RequiredLevel>none</RequiredLevel>
          <ImeMode>auto</ImeMode>
          <ValidForReadApi>1</ValidForReadApi>
          <IsCustomField>0</IsCustomField>
          <IsAuditEnabled>0</IsAuditEnabled>
          <IsSecured>0</IsSecured>
          <IntroducedVersion>1.0.0.1</IntroducedVersion>
          <IsCustomizable>1</IsCustomizable>
          <IsRenameable>1</IsRenameable>
          <CanModifySearchSettings>1</CanModifySearchSettings>
          <CanModifyRequirementLevelSettings>1</CanModifyRequirementLevelSettings>
          <CanModifyAdditionalSettings>1</CanModifyAdditionalSettings>
          <SourceType>0</SourceType>
          <IsGlobalFilterEnabled>0</IsGlobalFilterEnabled>
          <IsSortableEnabled>0</IsSortableEnabled>
          <CanModifyGlobalFilterSettings>1</CanModifyGlobalFilterSettings>
          <CanModifyIsSortableSettings>1</CanModifyIsSortableSettings>
          <IsDataSourceSecret>0</IsDataSourceSecret>
          <AutoNumberFormat></AutoNumberFormat>
          <LookupStyle>single</LookupStyle>
          <LookupTypes />
          <displaynames>
            <displayname description="Owning Business Unit" languagecode="1033" />
          </displaynames>
          <Descriptions>
            <Description description="Unique identifier for the business unit that owns the record" languagecode="1033" />
          </Descriptions>
        </attribute>
        <attribute PhysicalName="OwningTeam">
          <Type>lookup</Type>
          <Name>owningteam</Name>
          <LogicalName>owningteam</LogicalName>
          <RequiredLevel>none</RequiredLevel>
          <ImeMode>auto</ImeMode>
          <ValidForReadApi>1</ValidForReadApi>
          <IsCustomField>0</IsCustomField>
          <IsAuditEnabled>0</IsAuditEnabled>
          <IsLogical>1</IsLogical>
          <IsSecured>0</IsSecured>
          <IntroducedVersion>1.0.0.1</IntroducedVersion>
          <IsCustomizable>1</IsCustomizable>
          <IsRenameable>1</IsRenameable>
          <CanModifySearchSettings>1</CanModifySearchSettings>
          <CanModifyRequirementLevelSettings>1</CanModifyRequirementLevelSettings>
          <CanModifyAdditionalSettings>1</CanModifyAdditionalSettings>
          <SourceType>0</SourceType>
          <IsGlobalFilterEnabled>0</IsGlobalFilterEnabled>
          <IsSortableEnabled>0</IsSortableEnabled>
          <CanModifyGlobalFilterSettings>1</CanModifyGlobalFilterSettings>
          <CanModifyIsSortableSettings>1</CanModifyIsSortableSettings>
          <IsDataSourceSecret>0</IsDataSourceSecret>
          <AutoNumberFormat></AutoNumberFormat>
          <LookupStyle>single</LookupStyle>
          <LookupTypes />
          <displaynames>
            <displayname description="Owning Team" languagecode="1033" />
          </displaynames>
          <Descriptions>
            <Description description="Unique identifier for the team that owns the record." languagecode="1033" />
          </Descriptions>
        </attribute>
        <attribute PhysicalName="OwningUser">
          <Type>lookup</Type>
          <Name>owninguser</Name>
          <LogicalName>owninguser</LogicalName>
          <RequiredLevel>none</RequiredLevel>
          <ImeMode>auto</ImeMode>
          <ValidForReadApi>1</ValidForReadApi>
          <IsCustomField>0</IsCustomField>
          <IsAuditEnabled>0</IsAuditEnabled>
          <IsLogical>1</IsLogical>
          <IsSecured>0</IsSecured>
          <IntroducedVersion>1.0.0.1</IntroducedVersion>
          <IsCustomizable>1</IsCustomizable>
          <IsRenameable>1</IsRenameable>
          <CanModifySearchSettings>1</CanModifySearchSettings>
          <CanModifyRequirementLevelSettings>1</CanModifyRequirementLevelSettings>
          <CanModifyAdditionalSettings>1</CanModifyAdditionalSettings>
          <SourceType>0</SourceType>
          <IsGlobalFilterEnabled>0</IsGlobalFilterEnabled>
          <IsSortableEnabled>0</IsSortableEnabled>
          <CanModifyGlobalFilterSettings>1</CanModifyGlobalFilterSettings>
          <CanModifyIsSortableSettings>1</CanModifyIsSortableSettings>
          <IsDataSourceSecret>0</IsDataSourceSecret>
          <AutoNumberFormat></AutoNumberFormat>
          <LookupStyle>single</LookupStyle>
          <LookupTypes />
          <displaynames>
            <displayname description="Owning User" languagecode="1033" />
          </displaynames>
          <Descriptions>
            <Description description="Unique identifier for the user that owns the record." languagecode="1033" />
          </Descriptions>
        </attribute>
        <attribute PhysicalName="sol_name">
          <Type>nvarchar</Type>
          <Name>sol_name</Name>
          <LogicalName>sol_name</LogicalName>
          <RequiredLevel>required</RequiredLevel>
          <DisplayMask>ActivityPointerRegardingName|PrimaryName|ValidForAdvancedFind|ValidForForm|ValidForGrid|RequiredForForm</DisplayMask>
          <ImeMode>auto</ImeMode>
          <ValidForUpdateApi>1</ValidForUpdateApi>
          <ValidForReadApi>1</ValidForReadApi>
          <ValidForCreateApi>1</ValidForCreateApi>
          <IsCustomField>1</IsCustomField>
          <IsAuditEnabled>1</IsAuditEnabled>
          <IsSecured>0</IsSecured>
          <IntroducedVersion>1.0.0.1</IntroducedVersion>
          <IsCustomizable>1</IsCustomizable>
          <IsRenameable>1</IsRenameable>
          <CanModifySearchSettings>1</CanModifySearchSettings>
          <CanModifyRequirementLevelSettings>1</CanModifyRequirementLevelSettings>
          <CanModifyAdditionalSettings>1</CanModifyAdditionalSettings>
          <SourceType>0</SourceType>
          <IsGlobalFilterEnabled>0</IsGlobalFilterEnabled>
          <IsSortableEnabled>0</IsSortableEnabled>
          <CanModifyGlobalFilterSettings>1</CanModifyGlobalFilterSettings>
          <CanModifyIsSortableSettings>1</CanModifyIsSortableSettings>
          <IsDataSourceSecret>0</IsDataSourceSecret>
          <AutoNumberFormat></AutoNumberFormat>
          <Format>text</Format>
          <MaxLength>100</MaxLength>
          <Length>200</Length>
          <displaynames>
            <displayname description="Name" languagecode="1033" />
          </displaynames>
          <Descriptions>
            <Description description="The name of the custom entity." languagecode="1033" />
          </Descriptions>
        </attribute>
        <attribute PhysicalName="sol_P_Curency">
          <Type>money</Type>
          <Name>sol_p_curency</Name>
          <LogicalName>sol_p_curency</LogicalName>
          <RequiredLevel>none</RequiredLevel>
          <DisplayMask>ValidForAdvancedFind|ValidForForm|ValidForGrid</DisplayMask>
          <ImeMode>auto</ImeMode>
          <ValidForUpdateApi>1</ValidForUpdateApi>
          <ValidForReadApi>1</ValidForReadApi>
          <ValidForCreateApi>1</ValidForCreateApi>
          <IsCustomField>1</IsCustomField>
          <IsAuditEnabled>1</IsAuditEnabled>
          <IsSecured>0</IsSecured>
          <IntroducedVersion>1.0.0.1</IntroducedVersion>
          <IsCustomizable>1</IsCustomizable>
          <IsRenameable>1</IsRenameable>
          <CanModifySearchSettings>1</CanModifySearchSettings>
          <CanModifyRequirementLevelSettings>1</CanModifyRequirementLevelSettings>
          <CanModifyAdditionalSettings>1</CanModifyAdditionalSettings>
          <SourceType>0</SourceType>
          <IsGlobalFilterEnabled>0</IsGlobalFilterEnabled>
          <IsSortableEnabled>0</IsSortableEnabled>
          <CanModifyGlobalFilterSettings>1</CanModifyGlobalFilterSettings>
          <CanModifyIsSortableSettings>1</CanModifyIsSortableSettings>
          <IsDataSourceSecret>0</IsDataSourceSecret>
          <AutoNumberFormat></AutoNumberFormat>
          <MinValue>-922337203685477</MinValue>
          <MaxValue>922337203685477</MaxValue>
          <Accuracy>4</Accuracy>
          <AccuracySource>2</AccuracySource>
          <displaynames>
            <displayname description="P_Curency" languagecode="1033" />
          </displaynames>
          <Descriptions>
            <Description description="" languagecode="1033" />
          </Descriptions>
        </attribute>
        <attribute PhysicalName="sol_p_curency_Base">
          <Type>money</Type>
          <Name>sol_p_curency_base</Name>
          <LogicalName>sol_p_curency_base</LogicalName>
          <RequiredLevel>none</RequiredLevel>
          <DisplayMask>ValidForAdvancedFind|ValidForForm|ValidForGrid</DisplayMask>
          <ImeMode>disabled</ImeMode>
          <ValidForReadApi>1</ValidForReadApi>
          <IsCustomField>1</IsCustomField>
          <IsAuditEnabled>1</IsAuditEnabled>
          <IsSecured>0</IsSecured>
          <IntroducedVersion>1.0.0.1</IntroducedVersion>
          <IsCustomizable>1</IsCustomizable>
          <IsRenameable>1</IsRenameable>
          <CanModifySearchSettings>1</CanModifySearchSettings>
          <CanModifyRequirementLevelSettings>1</CanModifyRequirementLevelSettings>
          <CanModifyAdditionalSettings>1</CanModifyAdditionalSettings>
          <SourceType>0</SourceType>
          <IsGlobalFilterEnabled>0</IsGlobalFilterEnabled>
          <IsSortableEnabled>0</IsSortableEnabled>
          <CanModifyGlobalFilterSettings>1</CanModifyGlobalFilterSettings>
          <CanModifyIsSortableSettings>1</CanModifyIsSortableSettings>
          <IsDataSourceSecret>0</IsDataSourceSecret>
          <AutoNumberFormat></AutoNumberFormat>
          <MinValue>-922337203685477</MinValue>
          <MaxValue>922337203685477</MaxValue>
          <Accuracy>4</Accuracy>
          <AccuracySource>2</AccuracySource>
          <CalculationOf>sol_P_Curency</CalculationOf>
          <displaynames>
            <displayname description="P_Curency (Base)" languagecode="1033" />
          </displaynames>
          <Descriptions>
            <Description description="Value of the P_Curency in base currency." languagecode="1033" />
          </Descriptions>
        </attribute>
        <attribute PhysicalName="sol_P_Date">
          <Type>datetime</Type>
          <Name>sol_p_date</Name>
          <LogicalName>sol_p_date</LogicalName>
          <RequiredLevel>none</RequiredLevel>
          <DisplayMask>ValidForAdvancedFind|ValidForForm|ValidForGrid</DisplayMask>
          <ImeMode>auto</ImeMode>
          <ValidForUpdateApi>1</ValidForUpdateApi>
          <ValidForReadApi>1</ValidForReadApi>
          <ValidForCreateApi>1</ValidForCreateApi>
          <IsCustomField>1</IsCustomField>
          <IsAuditEnabled>1</IsAuditEnabled>
          <IsSecured>0</IsSecured>
          <IntroducedVersion>1.0.0.1</IntroducedVersion>
          <IsCustomizable>1</IsCustomizable>
          <IsRenameable>1</IsRenameable>
          <CanModifySearchSettings>1</CanModifySearchSettings>
          <CanModifyRequirementLevelSettings>1</CanModifyRequirementLevelSettings>
          <CanModifyAdditionalSettings>1</CanModifyAdditionalSettings>
          <SourceType>0</SourceType>
          <IsGlobalFilterEnabled>0</IsGlobalFilterEnabled>
          <IsSortableEnabled>0</IsSortableEnabled>
          <CanModifyGlobalFilterSettings>1</CanModifyGlobalFilterSettings>
          <CanModifyIsSortableSettings>1</CanModifyIsSortableSettings>
          <IsDataSourceSecret>0</IsDataSourceSecret>
          <AutoNumberFormat></AutoNumberFormat>
          <Format>date</Format>
          <CanChangeDateTimeBehavior>1</CanChangeDateTimeBehavior>
          <Behavior>1</Behavior>
          <displaynames>
            <displayname description="P_Date" languagecode="1033" />
          </displaynames>
          <Descriptions>
            <Description description="" languagecode="1033" />
          </Descriptions>
        </attribute>
        <attribute PhysicalName="sol_P_Decimal">
          <Type>decimal</Type>
          <Name>sol_p_decimal</Name>
          <LogicalName>sol_p_decimal</LogicalName>
          <RequiredLevel>none</RequiredLevel>
          <DisplayMask>ValidForAdvancedFind|ValidForForm|ValidForGrid</DisplayMask>
          <ImeMode>auto</ImeMode>
          <ValidForUpdateApi>1</ValidForUpdateApi>
          <ValidForReadApi>1</ValidForReadApi>
          <ValidForCreateApi>1</ValidForCreateApi>
          <IsCustomField>1</IsCustomField>
          <IsAuditEnabled>1</IsAuditEnabled>
          <IsSecured>0</IsSecured>
          <IntroducedVersion>1.0.0.1</IntroducedVersion>
          <IsCustomizable>1</IsCustomizable>
          <IsRenameable>1</IsRenameable>
          <CanModifySearchSettings>1</CanModifySearchSettings>
          <CanModifyRequirementLevelSettings>1</CanModifyRequirementLevelSettings>
          <CanModifyAdditionalSettings>1</CanModifyAdditionalSettings>
          <SourceType>0</SourceType>
          <IsGlobalFilterEnabled>0</IsGlobalFilterEnabled>
          <IsSortableEnabled>0</IsSortableEnabled>
          <CanModifyGlobalFilterSettings>1</CanModifyGlobalFilterSettings>
          <CanModifyIsSortableSettings>1</CanModifyIsSortableSettings>
          <IsDataSourceSecret>0</IsDataSourceSecret>
          <AutoNumberFormat></AutoNumberFormat>
          <MinValue>-100000000000</MinValue>
          <MaxValue>100000000000</MaxValue>
          <Accuracy>4</Accuracy>
          <displaynames>
            <displayname description="P_Decimal" languagecode="1033" />
          </displaynames>
          <Descriptions>
            <Description description="" languagecode="1033" />
          </Descriptions>
        </attribute>
        <attribute PhysicalName="sol_P_Float">
          <Type>float</Type>
          <Name>sol_p_float</Name>
          <LogicalName>sol_p_float</LogicalName>
          <RequiredLevel>none</RequiredLevel>
          <DisplayMask>ValidForAdvancedFind|ValidForForm|ValidForGrid</DisplayMask>
          <ImeMode>auto</ImeMode>
          <ValidForUpdateApi>1</ValidForUpdateApi>
          <ValidForReadApi>1</ValidForReadApi>
          <ValidForCreateApi>1</ValidForCreateApi>
          <IsCustomField>1</IsCustomField>
          <IsAuditEnabled>1</IsAuditEnabled>
          <IsSecured>0</IsSecured>
          <IntroducedVersion>1.0.0.1</IntroducedVersion>
          <IsCustomizable>1</IsCustomizable>
          <IsRenameable>1</IsRenameable>
          <CanModifySearchSettings>1</CanModifySearchSettings>
          <CanModifyRequirementLevelSettings>1</CanModifyRequirementLevelSettings>
          <CanModifyAdditionalSettings>1</CanModifyAdditionalSettings>
          <SourceType>0</SourceType>
          <IsGlobalFilterEnabled>0</IsGlobalFilterEnabled>
          <IsSortableEnabled>0</IsSortableEnabled>
          <CanModifyGlobalFilterSettings>1</CanModifyGlobalFilterSettings>
          <CanModifyIsSortableSettings>1</CanModifyIsSortableSettings>
          <IsDataSourceSecret>0</IsDataSourceSecret>
          <AutoNumberFormat></AutoNumberFormat>
          <MinValue>0</MinValue>
          <MaxValue>1000000000</MaxValue>
          <Accuracy>2</Accuracy>
          <displaynames>
            <displayname description="P_Float" languagecode="1033" />
          </displaynames>
          <Descriptions>
            <Description description="" languagecode="1033" />
          </Descriptions>
        </attribute>
        <attribute PhysicalName="sol_P_Multi_Select">
          <Type>multiselectpicklist</Type>
          <Name>sol_p_multi_select</Name>
          <LogicalName>sol_p_multi_select</LogicalName>
          <RequiredLevel>none</RequiredLevel>
          <DisplayMask>ValidForAdvancedFind|ValidForForm|ValidForGrid</DisplayMask>
          <ImeMode>auto</ImeMode>
          <ValidForUpdateApi>1</ValidForUpdateApi>
          <ValidForReadApi>1</ValidForReadApi>
          <ValidForCreateApi>1</ValidForCreateApi>
          <IsCustomField>1</IsCustomField>
          <IsAuditEnabled>1</IsAuditEnabled>
          <IsSecured>0</IsSecured>
          <IntroducedVersion>1.0.0.1</IntroducedVersion>
          <IsCustomizable>1</IsCustomizable>
          <IsRenameable>1</IsRenameable>
          <CanModifySearchSettings>1</CanModifySearchSettings>
          <CanModifyRequirementLevelSettings>1</CanModifyRequirementLevelSettings>
          <CanModifyAdditionalSettings>1</CanModifyAdditionalSettings>
          <SourceType>0</SourceType>
          <IsGlobalFilterEnabled>0</IsGlobalFilterEnabled>
          <IsSortableEnabled>0</IsSortableEnabled>
          <CanModifyGlobalFilterSettings>1</CanModifyGlobalFilterSettings>
          <CanModifyIsSortableSettings>1</CanModifyIsSortableSettings>
          <IsDataSourceSecret>0</IsDataSourceSecret>
          <AutoNumberFormat></AutoNumberFormat>
          <optionset Name="sol_parent_sol_p_multi_select">
            <OptionSetType>picklist</OptionSetType>
            <IntroducedVersion>1.0.0.1</IntroducedVersion>
            <IsCustomizable>1</IsCustomizable>
            <displaynames>
              <displayname description="P_Multi_Select" languagecode="1033" />
            </displaynames>
            <Descriptions>
              <Description description="" languagecode="1033" />
            </Descriptions>
            <options>
              <option value="186680000" ExternalValue="" Color="#0000ff">
                <labels>
                  <label description="Physics" languagecode="1033" />
                </labels>
              </option>
              <option value="186680001" ExternalValue="" Color="#0000ff">
                <labels>
                  <label description="Math" languagecode="1033" />
                </labels>
              </option>
              <option value="186680002" ExternalValue="" Color="#0000ff">
                <labels>
                  <label description="Computer" languagecode="1033" />
                </labels>
              </option>
              <option value="186680003" ExternalValue="" Color="#0000ff">
                <labels>
                  <label description="Biology" languagecode="1033" />
                </labels>
              </option>
            </options>
          </optionset>
          <displaynames>
            <displayname description="P_Multi_Select" languagecode="1033" />
          </displaynames>
          <Descriptions>
            <Description description="" languagecode="1033" />
          </Descriptions>
        </attribute>
        <attribute PhysicalName="sol_P_Option_Set">
          <Type>picklist</Type>
          <Name>sol_p_option_set</Name>
          <LogicalName>sol_p_option_set</LogicalName>
          <RequiredLevel>none</RequiredLevel>
          <DisplayMask>ValidForAdvancedFind|ValidForForm|ValidForGrid</DisplayMask>
          <ImeMode>auto</ImeMode>
          <ValidForUpdateApi>1</ValidForUpdateApi>
          <ValidForReadApi>1</ValidForReadApi>
          <ValidForCreateApi>1</ValidForCreateApi>
          <IsCustomField>1</IsCustomField>
          <IsAuditEnabled>1</IsAuditEnabled>
          <IsSecured>0</IsSecured>
          <IntroducedVersion>1.0.0.1</IntroducedVersion>
          <IsCustomizable>1</IsCustomizable>
          <IsRenameable>1</IsRenameable>
          <CanModifySearchSettings>1</CanModifySearchSettings>
          <CanModifyRequirementLevelSettings>1</CanModifyRequirementLevelSettings>
          <CanModifyAdditionalSettings>1</CanModifyAdditionalSettings>
          <SourceType>0</SourceType>
          <IsGlobalFilterEnabled>0</IsGlobalFilterEnabled>
          <IsSortableEnabled>0</IsSortableEnabled>
          <CanModifyGlobalFilterSettings>1</CanModifyGlobalFilterSettings>
          <CanModifyIsSortableSettings>1</CanModifyIsSortableSettings>
          <IsDataSourceSecret>0</IsDataSourceSecret>
          <AutoNumberFormat></AutoNumberFormat>
          <AppDefaultValue>-1</AppDefaultValue>
          <optionset Name="sol_parent_sol_p_option_set">
            <OptionSetType>picklist</OptionSetType>
            <IntroducedVersion>1.0.0.1</IntroducedVersion>
            <IsCustomizable>1</IsCustomizable>
            <displaynames>
              <displayname description="P_Option_Set" languagecode="1033" />
            </displaynames>
            <Descriptions>
              <Description description="" languagecode="1033" />
            </Descriptions>
            <options>
              <option value="186680000" ExternalValue="" Color="#0000ff">
                <labels>
                  <label description="Lahore" languagecode="1033" />
                </labels>
              </option>
              <option value="186680001" ExternalValue="" Color="#0000ff">
                <labels>
                  <label description="Karachi" languagecode="1033" />
                </labels>
              </option>
              <option value="186680002" ExternalValue="" Color="#0000ff">
                <labels>
                  <label description="Islamabad" languagecode="1033" />
                </labels>
              </option>
              <option value="186680003" ExternalValue="" Color="#0000ff">
                <labels>
                  <label description="Queta" languagecode="1033" />
                </labels>
              </option>
              <option value="186680004" ExternalValue="" Color="#0000ff">
                <labels>
                  <label description="Peshawar" languagecode="1033" />
                </labels>
              </option>
            </options>
          </optionset>
          <displaynames>
            <displayname description="P_City" languagecode="1033" />
          </displaynames>
          <Descriptions>
            <Description description="" languagecode="1033" />
          </Descriptions>
        </attribute>
        <attribute PhysicalName="sol_P_Single_Line_Text">
          <Type>nvarchar</Type>
          <Name>sol_p_single_line_text</Name>
          <LogicalName>sol_p_single_line_text</LogicalName>
          <RequiredLevel>none</RequiredLevel>
          <DisplayMask>ValidForAdvancedFind|ValidForForm|ValidForGrid</DisplayMask>
          <ImeMode>auto</ImeMode>
          <ValidForUpdateApi>1</ValidForUpdateApi>
          <ValidForReadApi>1</ValidForReadApi>
          <ValidForCreateApi>1</ValidForCreateApi>
          <IsCustomField>1</IsCustomField>
          <IsAuditEnabled>1</IsAuditEnabled>
          <IsSecured>0</IsSecured>
          <IntroducedVersion>1.0.0.1</IntroducedVersion>
          <IsCustomizable>1</IsCustomizable>
          <IsRenameable>1</IsRenameable>
          <CanModifySearchSettings>1</CanModifySearchSettings>
          <CanModifyRequirementLevelSettings>1</CanModifyRequirementLevelSettings>
          <CanModifyAdditionalSettings>1</CanModifyAdditionalSettings>
          <SourceType>0</SourceType>
          <IsGlobalFilterEnabled>0</IsGlobalFilterEnabled>
          <IsSortableEnabled>0</IsSortableEnabled>
          <CanModifyGlobalFilterSettings>1</CanModifyGlobalFilterSettings>
          <CanModifyIsSortableSettings>1</CanModifyIsSortableSettings>
          <IsDataSourceSecret>0</IsDataSourceSecret>
          <AutoNumberFormat></AutoNumberFormat>
          <Format>text</Format>
          <MaxLength>100</MaxLength>
          <Length>200</Length>
          <displaynames>
            <displayname description="P_Single_Line_Text" languagecode="1033" />
          </displaynames>
          <Descriptions>
            <Description description="" languagecode="1033" />
          </Descriptions>
        </attribute>
        <attribute PhysicalName="sol_P_Text_Area">
          <Type>ntext</Type>
          <Name>sol_p_text_area</Name>
          <LogicalName>sol_p_text_area</LogicalName>
          <RequiredLevel>none</RequiredLevel>
          <DisplayMask>ValidForAdvancedFind|ValidForForm|ValidForGrid</DisplayMask>
          <ImeMode>auto</ImeMode>
          <ValidForUpdateApi>1</ValidForUpdateApi>
          <ValidForReadApi>1</ValidForReadApi>
          <ValidForCreateApi>1</ValidForCreateApi>
          <IsCustomField>1</IsCustomField>
          <IsAuditEnabled>1</IsAuditEnabled>
          <IsSecured>0</IsSecured>
          <IntroducedVersion>1.0.0.1</IntroducedVersion>
          <IsCustomizable>1</IsCustomizable>
          <IsRenameable>1</IsRenameable>
          <CanModifySearchSettings>1</CanModifySearchSettings>
          <CanModifyRequirementLevelSettings>1</CanModifyRequirementLevelSettings>
          <CanModifyAdditionalSettings>1</CanModifyAdditionalSettings>
          <SourceType>0</SourceType>
          <IsGlobalFilterEnabled>0</IsGlobalFilterEnabled>
          <IsSortableEnabled>0</IsSortableEnabled>
          <CanModifyGlobalFilterSettings>1</CanModifyGlobalFilterSettings>
          <CanModifyIsSortableSettings>1</CanModifyIsSortableSettings>
          <IsDataSourceSecret>0</IsDataSourceSecret>
          <AutoNumberFormat></AutoNumberFormat>
          <Format></Format>
          <MaxLength>2000</MaxLength>
          <displaynames>
            <displayname description="P_Text_Area" languagecode="1033" />
          </displaynames>
          <Descriptions>
            <Description description="" languagecode="1033" />
          </Descriptions>
        </attribute>
        <attribute PhysicalName="sol_P_WholeNumber">
          <Type>int</Type>
          <Name>sol_p_wholenumber</Name>
          <LogicalName>sol_p_wholenumber</LogicalName>
          <RequiredLevel>none</RequiredLevel>
          <DisplayMask>ValidForAdvancedFind|ValidForForm|ValidForGrid</DisplayMask>
          <ImeMode>auto</ImeMode>
          <ValidForUpdateApi>1</ValidForUpdateApi>
          <ValidForReadApi>1</ValidForReadApi>
          <ValidForCreateApi>1</ValidForCreateApi>
          <IsCustomField>1</IsCustomField>
          <IsAuditEnabled>1</IsAuditEnabled>
          <IsSecured>0</IsSecured>
          <IntroducedVersion>1.0.0.1</IntroducedVersion>
          <IsCustomizable>1</IsCustomizable>
          <IsRenameable>1</IsRenameable>
          <CanModifySearchSettings>1</CanModifySearchSettings>
          <CanModifyRequirementLevelSettings>1</CanModifyRequirementLevelSettings>
          <CanModifyAdditionalSettings>1</CanModifyAdditionalSettings>
          <SourceType>0</SourceType>
          <IsGlobalFilterEnabled>0</IsGlobalFilterEnabled>
          <IsSortableEnabled>0</IsSortableEnabled>
          <CanModifyGlobalFilterSettings>1</CanModifyGlobalFilterSettings>
          <CanModifyIsSortableSettings>1</CanModifyIsSortableSettings>
          <IsDataSourceSecret>0</IsDataSourceSecret>
          <AutoNumberFormat></AutoNumberFormat>
          <MinValue>-2147483648</MinValue>
          <MaxValue>2147483647</MaxValue>
          <displaynames>
            <displayname description="P_WholeNumber" languagecode="1033" />
          </displaynames>
          <Descriptions>
            <Description description="" languagecode="1033" />
          </Descriptions>
        </attribute>
        <attribute PhysicalName="sol_P_YN">
          <Type>bit</Type>
          <Name>sol_p_yn</Name>
          <LogicalName>sol_p_yn</LogicalName>
          <RequiredLevel>none</RequiredLevel>
          <DisplayMask>ValidForAdvancedFind|ValidForForm|ValidForGrid</DisplayMask>
          <ImeMode>auto</ImeMode>
          <ValidForUpdateApi>1</ValidForUpdateApi>
          <ValidForReadApi>1</ValidForReadApi>
          <ValidForCreateApi>1</ValidForCreateApi>
          <IsCustomField>1</IsCustomField>
          <IsAuditEnabled>1</IsAuditEnabled>
          <IsSecured>0</IsSecured>
          <IntroducedVersion>1.0.0.1</IntroducedVersion>
          <IsCustomizable>1</IsCustomizable>
          <IsRenameable>1</IsRenameable>
          <CanModifySearchSettings>1</CanModifySearchSettings>
          <CanModifyRequirementLevelSettings>1</CanModifyRequirementLevelSettings>
          <CanModifyAdditionalSettings>1</CanModifyAdditionalSettings>
          <SourceType>0</SourceType>
          <IsGlobalFilterEnabled>0</IsGlobalFilterEnabled>
          <IsSortableEnabled>0</IsSortableEnabled>
          <CanModifyGlobalFilterSettings>1</CanModifyGlobalFilterSettings>
          <CanModifyIsSortableSettings>1</CanModifyIsSortableSettings>
          <IsDataSourceSecret>0</IsDataSourceSecret>
          <AutoNumberFormat></AutoNumberFormat>
          <AppDefaultValue>0</AppDefaultValue>
          <optionset Name="sol_parent_sol_p_yn">
            <OptionSetType>bit</OptionSetType>
            <IntroducedVersion>1.0.0.1</IntroducedVersion>
            <IsCustomizable>1</IsCustomizable>
            <displaynames>
              <displayname description="P_YN" languagecode="1033" />
            </displaynames>
            <Descriptions>
              <Description description="" languagecode="1033" />
            </Descriptions>
            <options>
              <option value="0" Color="#0000ff">
                <labels>
                  <label description="No" languagecode="1033" />
                </labels>
              </option>
              <option value="1" Color="#0000ff">
                <labels>
                  <label description="Yes" languagecode="1033" />
                </labels>
              </option>
            </options>
          </optionset>
          <displaynames>
            <displayname description="P_YN" languagecode="1033" />
          </displaynames>
          <Descriptions>
            <Description description="" languagecode="1033" />
          </Descriptions>
        </attribute>
        <attribute PhysicalName="sol_parentId">
          <Type>primarykey</Type>
          <Name>sol_parentid</Name>
          <LogicalName>sol_parentid</LogicalName>
          <RequiredLevel>systemrequired</RequiredLevel>
          <DisplayMask>ValidForAdvancedFind|RequiredForGrid</DisplayMask>
          <ImeMode>auto</ImeMode>
          <ValidForReadApi>1</ValidForReadApi>
          <ValidForCreateApi>1</ValidForCreateApi>
          <IsCustomField>0</IsCustomField>
          <IsAuditEnabled>0</IsAuditEnabled>
          <IsSecured>0</IsSecured>
          <IntroducedVersion>1.0.0.1</IntroducedVersion>
          <IsCustomizable>1</IsCustomizable>
          <IsRenameable>1</IsRenameable>
          <CanModifySearchSettings>1</CanModifySearchSettings>
          <CanModifyRequirementLevelSettings>0</CanModifyRequirementLevelSettings>
          <CanModifyAdditionalSettings>1</CanModifyAdditionalSettings>
          <SourceType>0</SourceType>
          <IsGlobalFilterEnabled>0</IsGlobalFilterEnabled>
          <IsSortableEnabled>0</IsSortableEnabled>
          <CanModifyGlobalFilterSettings>1</CanModifyGlobalFilterSettings>
          <CanModifyIsSortableSettings>1</CanModifyIsSortableSettings>
          <IsDataSourceSecret>0</IsDataSourceSecret>
          <AutoNumberFormat></AutoNumberFormat>
          <displaynames>
            <displayname description="Parent" languagecode="1033" />
          </displaynames>
          <Descriptions>
            <Description description="Unique identifier for entity instances" languagecode="1033" />
          </Descriptions>
        </attribute>
        <attribute PhysicalName="statecode">
          <Type>state</Type>
          <Name>statecode</Name>
          <LogicalName>statecode</LogicalName>
          <RequiredLevel>systemrequired</RequiredLevel>
          <DisplayMask>ValidForAdvancedFind|ValidForForm|ValidForGrid</DisplayMask>
          <ImeMode>auto</ImeMode>
          <ValidForUpdateApi>1</ValidForUpdateApi>
          <ValidForReadApi>1</ValidForReadApi>
          <IsCustomField>0</IsCustomField>
          <IsAuditEnabled>1</IsAuditEnabled>
          <IsSecured>0</IsSecured>
          <IntroducedVersion>1.0.0.1</IntroducedVersion>
          <IsCustomizable>1</IsCustomizable>
          <IsRenameable>1</IsRenameable>
          <CanModifySearchSettings>1</CanModifySearchSettings>
          <CanModifyRequirementLevelSettings>1</CanModifyRequirementLevelSettings>
          <CanModifyAdditionalSettings>1</CanModifyAdditionalSettings>
          <SourceType>0</SourceType>
          <IsGlobalFilterEnabled>0</IsGlobalFilterEnabled>
          <IsSortableEnabled>0</IsSortableEnabled>
          <CanModifyGlobalFilterSettings>1</CanModifyGlobalFilterSettings>
          <CanModifyIsSortableSettings>1</CanModifyIsSortableSettings>
          <IsDataSourceSecret>0</IsDataSourceSecret>
          <AutoNumberFormat></AutoNumberFormat>
          <optionset Name="sol_parent_statecode">
            <OptionSetType>state</OptionSetType>
            <IntroducedVersion>1.0.0.1</IntroducedVersion>
            <IsCustomizable>1</IsCustomizable>
            <displaynames>
              <displayname description="Status" languagecode="1033" />
            </displaynames>
            <Descriptions>
              <Description description="Status of the Parent" languagecode="1033" />
            </Descriptions>
            <states>
              <state value="0" defaultstatus="1" invariantname="Active">
                <labels>
                  <label description="Active" languagecode="1033" />
                </labels>
              </state>
              <state value="1" defaultstatus="2" invariantname="Inactive">
                <labels>
                  <label description="Inactive" languagecode="1033" />
                </labels>
              </state>
            </states>
          </optionset>
          <displaynames>
            <displayname description="Status" languagecode="1033" />
          </displaynames>
          <Descriptions>
            <Description description="Status of the Parent" languagecode="1033" />
          </Descriptions>
        </attribute>
        <attribute PhysicalName="statuscode">
          <Type>status</Type>
          <Name>statuscode</Name>
          <LogicalName>statuscode</LogicalName>
          <RequiredLevel>none</RequiredLevel>
          <DisplayMask>ValidForAdvancedFind|ValidForForm|ValidForGrid</DisplayMask>
          <ImeMode>auto</ImeMode>
          <ValidForUpdateApi>1</ValidForUpdateApi>
          <ValidForReadApi>1</ValidForReadApi>
          <ValidForCreateApi>1</ValidForCreateApi>
          <IsCustomField>0</IsCustomField>
          <IsAuditEnabled>1</IsAuditEnabled>
          <IsSecured>0</IsSecured>
          <IntroducedVersion>1.0.0.1</IntroducedVersion>
          <IsCustomizable>1</IsCustomizable>
          <IsRenameable>1</IsRenameable>
          <CanModifySearchSettings>1</CanModifySearchSettings>
          <CanModifyRequirementLevelSettings>1</CanModifyRequirementLevelSettings>
          <CanModifyAdditionalSettings>1</CanModifyAdditionalSettings>
          <SourceType>0</SourceType>
          <IsGlobalFilterEnabled>0</IsGlobalFilterEnabled>
          <IsSortableEnabled>0</IsSortableEnabled>
          <CanModifyGlobalFilterSettings>1</CanModifyGlobalFilterSettings>
          <CanModifyIsSortableSettings>1</CanModifyIsSortableSettings>
          <IsDataSourceSecret>0</IsDataSourceSecret>
          <AutoNumberFormat></AutoNumberFormat>
          <optionset Name="sol_parent_statuscode">
            <OptionSetType>status</OptionSetType>
            <IntroducedVersion>1.0.0.1</IntroducedVersion>
            <IsCustomizable>1</IsCustomizable>
            <displaynames>
              <displayname description="Status Reason" languagecode="1033" />
            </displaynames>
            <Descriptions>
              <Description description="Reason for the status of the Parent" languagecode="1033" />
            </Descriptions>
            <statuses>
              <status value="1" state="0">
                <labels>
                  <label description="Active" languagecode="1033" />
                </labels>
              </status>
              <status value="2" state="1">
                <labels>
                  <label description="Inactive" languagecode="1033" />
                </labels>
              </status>
            </statuses>
          </optionset>
          <displaynames>
            <displayname description="Status Reason" languagecode="1033" />
          </displaynames>
          <Descriptions>
            <Description description="Reason for the status of the Parent" languagecode="1033" />
          </Descriptions>
        </attribute>
        <attribute PhysicalName="TimeZoneRuleVersionNumber">
          <Type>int</Type>
          <Name>timezoneruleversionnumber</Name>
          <LogicalName>timezoneruleversionnumber</LogicalName>
          <RequiredLevel>none</RequiredLevel>
          <ImeMode>auto</ImeMode>
          <ValidForUpdateApi>1</ValidForUpdateApi>
          <ValidForReadApi>1</ValidForReadApi>
          <ValidForCreateApi>1</ValidForCreateApi>
          <IsCustomField>0</IsCustomField>
          <IsAuditEnabled>0</IsAuditEnabled>
          <IsSecured>0</IsSecured>
          <IntroducedVersion>1.0.0.1</IntroducedVersion>
          <IsCustomizable>1</IsCustomizable>
          <IsRenameable>1</IsRenameable>
          <CanModifySearchSettings>1</CanModifySearchSettings>
          <CanModifyRequirementLevelSettings>1</CanModifyRequirementLevelSettings>
          <CanModifyAdditionalSettings>1</CanModifyAdditionalSettings>
          <SourceType>0</SourceType>
          <IsGlobalFilterEnabled>0</IsGlobalFilterEnabled>
          <IsSortableEnabled>0</IsSortableEnabled>
          <CanModifyGlobalFilterSettings>1</CanModifyGlobalFilterSettings>
          <CanModifyIsSortableSettings>1</CanModifyIsSortableSettings>
          <IsDataSourceSecret>0</IsDataSourceSecret>
          <AutoNumberFormat></AutoNumberFormat>
          <Format></Format>
          <MinValue>-1</MinValue>
          <MaxValue>2147483647</MaxValue>
          <displaynames>
            <displayname description="Time Zone Rule Version Number" languagecode="1033" />
          </displaynames>
          <Descriptions>
            <Description description="For internal use only." languagecode="1033" />
          </Descriptions>
        </attribute>
        <attribute PhysicalName="TransactionCurrencyId">
          <Type>lookup</Type>
          <Name>transactioncurrencyid</Name>
          <LogicalName>transactioncurrencyid</LogicalName>
          <RequiredLevel>none</RequiredLevel>
          <DisplayMask>ValidForAdvancedFind|ValidForForm|ValidForGrid</DisplayMask>
          <ImeMode>auto</ImeMode>
          <ValidForUpdateApi>1</ValidForUpdateApi>
          <ValidForReadApi>1</ValidForReadApi>
          <ValidForCreateApi>1</ValidForCreateApi>
          <IsCustomField>0</IsCustomField>
          <IsAuditEnabled>1</IsAuditEnabled>
          <IsSecured>0</IsSecured>
          <IntroducedVersion>1.0.0.1</IntroducedVersion>
          <IsCustomizable>1</IsCustomizable>
          <IsRenameable>1</IsRenameable>
          <CanModifySearchSettings>1</CanModifySearchSettings>
          <CanModifyRequirementLevelSettings>1</CanModifyRequirementLevelSettings>
          <CanModifyAdditionalSettings>1</CanModifyAdditionalSettings>
          <SourceType>0</SourceType>
          <IsGlobalFilterEnabled>0</IsGlobalFilterEnabled>
          <IsSortableEnabled>0</IsSortableEnabled>
          <CanModifyGlobalFilterSettings>1</CanModifyGlobalFilterSettings>
          <CanModifyIsSortableSettings>1</CanModifyIsSortableSettings>
          <IsDataSourceSecret>0</IsDataSourceSecret>
          <AutoNumberFormat></AutoNumberFormat>
          <LookupStyle>single</LookupStyle>
          <LookupTypes />
          <displaynames>
            <displayname description="Currency" languagecode="1033" />
          </displaynames>
          <Descriptions>
            <Description description="Unique identifier of the currency associated with the entity." languagecode="1033" />
          </Descriptions>
        </attribute>
        <attribute PhysicalName="UTCConversionTimeZoneCode">
          <Type>int</Type>
          <Name>utcconversiontimezonecode</Name>
          <LogicalName>utcconversiontimezonecode</LogicalName>
          <RequiredLevel>none</RequiredLevel>
          <ImeMode>auto</ImeMode>
          <ValidForUpdateApi>1</ValidForUpdateApi>
          <ValidForReadApi>1</ValidForReadApi>
          <ValidForCreateApi>1</ValidForCreateApi>
          <IsCustomField>0</IsCustomField>
          <IsAuditEnabled>0</IsAuditEnabled>
          <IsSecured>0</IsSecured>
          <IntroducedVersion>1.0.0.1</IntroducedVersion>
          <IsCustomizable>1</IsCustomizable>
          <IsRenameable>1</IsRenameable>
          <CanModifySearchSettings>1</CanModifySearchSettings>
          <CanModifyRequirementLevelSettings>1</CanModifyRequirementLevelSettings>
          <CanModifyAdditionalSettings>1</CanModifyAdditionalSettings>
          <SourceType>0</SourceType>
          <IsGlobalFilterEnabled>0</IsGlobalFilterEnabled>
          <IsSortableEnabled>0</IsSortableEnabled>
          <CanModifyGlobalFilterSettings>1</CanModifyGlobalFilterSettings>
          <CanModifyIsSortableSettings>1</CanModifyIsSortableSettings>
          <IsDataSourceSecret>0</IsDataSourceSecret>
          <AutoNumberFormat></AutoNumberFormat>
          <Format></Format>
          <MinValue>-1</MinValue>
          <MaxValue>2147483647</MaxValue>
          <displaynames>
            <displayname description="UTC Conversion Time Zone Code" languagecode="1033" />
          </displaynames>
          <Descriptions>
            <Description description="Time zone code that was in use when the record was created." languagecode="1033" />
          </Descriptions>
        </attribute>
      </attributes>
      <EntitySetName>sol_parents</EntitySetName>
      <IsDuplicateCheckSupported>1</IsDuplicateCheckSupported>
      <IsBusinessProcessEnabled>0</IsBusinessProcessEnabled>
      <IsRequiredOffline>0</IsRequiredOffline>
      <IsInteractionCentricEnabled>0</IsInteractionCentricEnabled>
      <IsCollaboration>0</IsCollaboration>
      <AutoRouteToOwnerQueue>0</AutoRouteToOwnerQueue>
      <IsConnectionsEnabled>0</IsConnectionsEnabled>
      <EntityColor>#2c3e50</EntityColor>
      <IsDocumentManagementEnabled>0</IsDocumentManagementEnabled>
      <IsOneNoteIntegrationEnabled>0</IsOneNoteIntegrationEnabled>
      <IsKnowledgeManagementEnabled>0</IsKnowledgeManagementEnabled>
      <IsSLAEnabled>0</IsSLAEnabled>
      <IsDocumentRecommendationsEnabled>0</IsDocumentRecommendationsEnabled>
      <IsBPFEntity>0</IsBPFEntity>
      <OwnershipTypeMask>UserOwned</OwnershipTypeMask>
      <EntityMask>ActivityPointer</EntityMask>
      <IsAuditEnabled>0</IsAuditEnabled>
      <IsRetrieveAuditEnabled>0</IsRetrieveAuditEnabled>
      <IsRetrieveMultipleAuditEnabled>0</IsRetrieveMultipleAuditEnabled>
      <IsActivity>0</IsActivity>
      <ActivityTypeMask></ActivityTypeMask>
      <IsActivityParty>0</IsActivityParty>
      <IsReplicated>0</IsReplicated>
      <IsReplicationUserFiltered>0</IsReplicationUserFiltered>
      <IsMailMergeEnabled>1</IsMailMergeEnabled>
      <IsVisibleInMobile>0</IsVisibleInMobile>
      <IsVisibleInMobileClient>0</IsVisibleInMobileClient>
      <IsReadOnlyInMobileClient>0</IsReadOnlyInMobileClient>
      <IsOfflineInMobileClient>0</IsOfflineInMobileClient>
      <DaysSinceRecordLastModified>0</DaysSinceRecordLastModified>
      <MobileOfflineFilters></MobileOfflineFilters>
      <IsMapiGridEnabled>1</IsMapiGridEnabled>
      <IsReadingPaneEnabled>1</IsReadingPaneEnabled>
      <IsQuickCreateEnabled>0</IsQuickCreateEnabled>
      <SyncToExternalSearchIndex>0</SyncToExternalSearchIndex>
      <IntroducedVersion>1.0.0.1</IntroducedVersion>
      <IsCustomizable>1</IsCustomizable>
      <IsRenameable>1</IsRenameable>
      <IsMappable>1</IsMappable>
      <CanModifyAuditSettings>1</CanModifyAuditSettings>
      <CanModifyMobileVisibility>1</CanModifyMobileVisibility>
      <CanModifyMobileClientVisibility>1</CanModifyMobileClientVisibility>
      <CanModifyMobileClientReadOnly>1</CanModifyMobileClientReadOnly>
      <CanModifyMobileClientOffline>1</CanModifyMobileClientOffline>
      <CanModifyConnectionSettings>1</CanModifyConnectionSettings>
      <CanModifyDuplicateDetectionSettings>1</CanModifyDuplicateDetectionSettings>
      <CanModifyMailMergeSettings>1</CanModifyMailMergeSettings>
      <CanModifyQueueSettings>1</CanModifyQueueSettings>
      <CanCreateAttributes>1</CanCreateAttributes>
      <CanCreateForms>1</CanCreateForms>
      <CanCreateCharts>1</CanCreateCharts>
      <CanCreateViews>1</CanCreateViews>
      <CanModifyAdditionalSettings>1</CanModifyAdditionalSettings>
      <CanEnableSyncToExternalSearchIndex>1</CanEnableSyncToExternalSearchIndex>
      <EnforceStateTransitions>0</EnforceStateTransitions>
      <CanChangeHierarchicalRelationship>1</CanChangeHierarchicalRelationship>
      <EntityHelpUrlEnabled>0</EntityHelpUrlEnabled>
      <EntityHelpUrl></EntityHelpUrl>
      <ChangeTrackingEnabled>0</ChangeTrackingEnabled>
      <CanChangeTrackingBeEnabled>1</CanChangeTrackingBeEnabled>
      <IsEnabledForExternalChannels>0</IsEnabledForExternalChannels>
      <IsSolutionAware>0</IsSolutionAware>
      <HasRelatedNotes>True</HasRelatedNotes>
      <HasRelatedActivities>True</HasRelatedActivities>
    </entity>
  </EntityInfo>
  <FormXml />
  <SavedQueries />
  <RibbonDiffXml />
</Entity>