﻿<?xml version="1.0" encoding="utf-8"?>
<savedqueries xmlns:xsi="http://www.w3.org/2001/XMLSchema-instance">
  <savedquery>
    <IsCustomizable>1</IsCustomizable>
    <CanBeDeleted>0</CanBeDeleted>
    <isquickfindquery>1</isquickfindquery>
    <isprivate>0</isprivate>
    <isdefault>1</isdefault>
    <savedqueryid>{5e34144f-1510-48de-b8bd-b6c460df6bbd}</savedqueryid>
    <layoutxml>
      <grid name="resultset" jump="sol_name" select="1" icon="1" preview="1">
        <row name="result" id="sol_parentid">
          <cell name="sol_name" width="300" />
          <cell name="createdon" width="125" />
        </row>
      </grid>
    </layoutxml>
    <querytype>4</querytype>
    <fetchxml>
      <fetch version="1.0" mapping="logical">
        <entity name="sol_parent">
          <attribute name="sol_parentid" />
          <attribute name="sol_name" />
          <attribute name="createdon" />
          <order attribute="sol_name" descending="false" />
          <filter type="and">
            <condition attribute="statecode" operator="eq" value="0" />
          </filter>
          <filter type="or" isquickfindfields="1">
            <condition attribute="sol_name" operator="like" value="{0}" />
          </filter>
        </entity>
      </fetch>
    </fetchxml>
    <IntroducedVersion>1.0.0.1</IntroducedVersion>
    <LocalizedNames>
      <LocalizedName description="Quick Find Active Parent" languagecode="1033" />
    </LocalizedNames>
  </savedquery>
</savedqueries>