﻿<?xml version="1.0" encoding="utf-8"?>
<savedqueries xmlns:xsi="http://www.w3.org/2001/XMLSchema-instance">
  <savedquery>
    <IsCustomizable>1</IsCustomizable>
    <CanBeDeleted>1</CanBeDeleted>
    <isquickfindquery>0</isquickfindquery>
    <isprivate>0</isprivate>
    <isdefault>1</isdefault>
    <savedqueryid>{6b44f5d9-27d9-e911-a822-000d3ab58c7b}</savedqueryid>
    <querytype>8192</querytype>
    <fetchxml>
      <fetch version="1.0" mapping="logical" output-format="xml-platform">
        <entity name="sol_parent">
          <attribute name="sol_parentid" />
          <filter type="and">
            <condition attribute="statecode" operator="eq" value="0" />
            <condition attribute="ownerid" operator="eq-userid" />
          </filter>
        </entity>
      </fetch>
    </fetchxml>
    <IntroducedVersion>1.0.0.1</IntroducedVersion>
    <LocalizedNames>
      <LocalizedName description="My Parent" languagecode="1033" />
    </LocalizedNames>
    <Descriptions>
      <Description description="Active Parent owned by me" languagecode="1033" />
    </Descriptions>
  </savedquery>
</savedqueries>