﻿<?xml version="1.0" encoding="utf-8"?>
<savedqueries xmlns:xsi="http://www.w3.org/2001/XMLSchema-instance">
  <savedquery>
    <IsCustomizable>1</IsCustomizable>
    <CanBeDeleted>0</CanBeDeleted>
    <isquickfindquery>0</isquickfindquery>
    <isprivate>0</isprivate>
    <isdefault>1</isdefault>
    <savedqueryid>{ad34139a-7db2-41af-a056-4431705f5e0d}</savedqueryid>
    <layoutxml>
      <grid name="sol_parents" jump="sol_name" select="1" icon="1" preview="0">
        <row name="sol_parent" id="sol_parentid">
          <cell name="sol_name" width="300" />
          <cell name="createdon" width="125" />
        </row>
      </grid>
    </layoutxml>
    <querytype>64</querytype>
    <fetchxml>
      <fetch version="1.0" mapping="logical">
        <entity name="sol_parent">
          <attribute name="sol_parentid" />
          <attribute name="sol_name" />
          <attribute name="createdon" />
          <filter type="and">
            <condition attribute="statecode" operator="eq" value="0" />
          </filter>
        </entity>
      </fetch>
    </fetchxml>
    <IntroducedVersion>1.0.0.1</IntroducedVersion>
    <LocalizedNames>
      <LocalizedName description="Parent Lookup View" languagecode="1033" />
    </LocalizedNames>
  </savedquery>
</savedqueries>