﻿<?xml version="1.0" encoding="utf-8"?>
<Workflow WorkflowId="{d027568f-f8da-e911-a822-000d3ab58c7b}" Name="New business rule" Description="Click to add description" xmlns:xsi="http://www.w3.org/2001/XMLSchema-instance">
  <XamlFileName>/Workflows/Newbusinessrule-D027568F-F8DA-E911-A822-000D3AB58C7B.xaml</XamlFileName>
  <Type>1</Type>
  <Subprocess>0</Subprocess>
  <Category>2</Category>
  <Mode>1</Mode>
  <Scope>4</Scope>
  <OnDemand>0</OnDemand>
  <TriggerOnCreate>0</TriggerOnCreate>
  <TriggerOnDelete>0</TriggerOnDelete>
  <AsyncAutodelete>0</AsyncAutodelete>
  <SyncWorkflowLogOnFailure>0</SyncWorkflowLogOnFailure>
  <StateCode>1</StateCode>
  <StatusCode>2</StatusCode>
  <RunAs>1</RunAs>
  <IsTransacted>1</IsTransacted>
  <IntroducedVersion>1.0.0.1</IntroducedVersion>
  <IsCustomizable>1</IsCustomizable>
  <BusinessProcessType>0</BusinessProcessType>
  <PrimaryEntity>sol_parent</PrimaryEntity>
  <LocalizedNames>
    <LocalizedName languagecode="1033" description="New business rule" />
  </LocalizedNames>
  <Descriptions>
    <Description languagecode="1033" description="Click to add description" />
  </Descriptions>
  <ProcessTriggers>
    <ProcessTrigger processtriggerid="{03b8f470-25dd-e911-a812-000d3aba68ff}">
      <controltype>1</controltype>
      <scope>2</scope>
      <controlname>sol_p_date</controlname>
      <event>change</event>
      <pipelinestage>0</pipelinestage>
      <iscustomizable>1</iscustomizable>
      <primaryentitytypecode>sol_parent</primaryentitytypecode>
    </ProcessTrigger>
    <ProcessTrigger processtriggerid="{04b8f470-25dd-e911-a812-000d3aba68ff}">
      <scope>2</scope>
      <event>load</event>
      <pipelinestage>0</pipelinestage>
      <iscustomizable>1</iscustomizable>
      <primaryentitytypecode>sol_parent</primaryentitytypecode>
    </ProcessTrigger>
  </ProcessTriggers>
</Workflow>