﻿<?xml version="1.0" encoding="utf-8"?>
<Workflow WorkflowId="{8acbc967-00fd-4a84-87a1-abd72ccce465}" Name="parent_Child_Workflow" xmlns:xsi="http://www.w3.org/2001/XMLSchema-instance">
  <XamlFileName>/Workflows/parent_Child_Workflow-8ACBC967-00FD-4A84-87A1-ABD72CCCE465.xaml</XamlFileName>
  <Type>1</Type>
  <Subprocess>0</Subprocess>
  <Category>0</Category>
  <Mode>0</Mode>
  <Scope>4</Scope>
  <OnDemand>0</OnDemand>
  <TriggerOnCreate>1</TriggerOnCreate>
  <TriggerOnDelete>0</TriggerOnDelete>
  <AsyncAutodelete>1</AsyncAutodelete>
  <SyncWorkflowLogOnFailure>0</SyncWorkflowLogOnFailure>
  <StateCode>1</StateCode>
  <StatusCode>2</StatusCode>
  <RunAs>1</RunAs>
  <IsTransacted>1</IsTransacted>
  <IntroducedVersion>1.0.0.1</IntroducedVersion>
  <IsCustomizable>1</IsCustomizable>
  <PrimaryEntity>sol_parent</PrimaryEntity>
  <LocalizedNames>
    <LocalizedName languagecode="1033" description="parent_Child_Workflow" />
  </LocalizedNames>
</Workflow>