﻿<?xml version="1.0" encoding="utf-8"?>
<forms xmlns:xsi="http://www.w3.org/2001/XMLSchema-instance">
  <systemform>
    <formid>{fc89f87a-97e1-4a5f-bc5b-68935bcd5a96}</formid>
    <IntroducedVersion>1.0.0.1</IntroducedVersion>
    <FormPresentation>1</FormPresentation>
    <FormActivationState>1</FormActivationState>
    <form>
      <tabs>
        <tab verticallayout="true" id="{0109806a-d699-4a76-b865-1c33226dbb6b}" IsUserDefined="1">
          <labels>
            <label description="" languagecode="1033" />
          </labels>
          <columns>
            <column width="100%">
              <sections>
                <section showlabel="false" showbar="false" IsUserDefined="0" id="{20ac8325-3c51-41c5-971c-f338b59179ac}">
                  <labels>
                    <label description="GENERAL" languagecode="1033" />
                  </labels>
                  <rows>
                    <row>
                      <cell id="{d6b189b8-881c-4767-8ff5-00ded3077102}">
                        <labels>
                          <label description="Name" languagecode="1033" />
                        </labels>
                        <control id="sol_name" classid="{4273EDBD-AC1D-40d3-9FB2-095C621B552D}" datafieldname="sol_name" />
                      </cell>
                    </row>
                    <row>
                      <cell id="{aa4fceca-0061-4700-aba0-556adfdb4878}">
                        <labels>
                          <label description="Owner" languagecode="1033" />
                        </labels>
                        <control id="ownerid" classid="{270BD3DB-D9AF-4782-9025-509E298DEC0A}" datafieldname="ownerid" />
                      </cell>
                    </row>
                  </rows>
                </section>
              </sections>
            </column>
          </columns>
        </tab>
      </tabs>
    </form>
    <IsCustomizable>1</IsCustomizable>
    <CanBeDeleted>1</CanBeDeleted>
    <LocalizedNames>
      <LocalizedName description="Information" languagecode="1033" />
    </LocalizedNames>
  </systemform>
</forms>