﻿<?xml version="1.0" encoding="utf-8"?>
<savedqueries xmlns:xsi="http://www.w3.org/2001/XMLSchema-instance">
  <savedquery>
    <IsCustomizable>1</IsCustomizable>
    <CanBeDeleted>0</CanBeDeleted>
    <isquickfindquery>0</isquickfindquery>
    <isprivate>0</isprivate>
    <isdefault>1</isdefault>
    <savedqueryid>{57562938-8a4a-4399-aba8-2d74814b78dd}</savedqueryid>
    <layoutxml>
      <grid name="resultset" jump="sol_name" select="1" icon="1" preview="1">
        <row name="result" id="sol_childid">
          <cell name="sol_name" width="300" />
          <cell name="createdon" width="125" />
        </row>
      </grid>
    </layoutxml>
    <querytype>1</querytype>
    <fetchxml>
      <fetch version="1.0" mapping="logical">
        <entity name="sol_child">
          <attribute name="sol_childid" />
          <attribute name="sol_name" />
          <attribute name="createdon" />
          <order attribute="sol_name" descending="false" />
        </entity>
      </fetch>
    </fetchxml>
    <IntroducedVersion>1.0.0.1</IntroducedVersion>
    <LocalizedNames>
      <LocalizedName description="Child Advanced Find View" languagecode="1033" />
    </LocalizedNames>
  </savedquery>
</savedqueries>